{"cameraMode":{"drawMode":0,"name":"Shaded","section":"Shading Mode"},"sceneLighting":true,"audioPlay":false,"sceneViewState":{"m_AlwaysRefresh":false,"showFog":true,"showSkybox":true,"showFlares":true,"showImageEffects":true,"showParticleSystems":true,"showVisualEffectGraphs":true,"m_FxEnabled":true},"in2DMode":false,"pivot":{"x":-1.6014729738235474,"y":12.533618927001954,"z":-24.81515884399414},"rotation":{"x":-0.17858098447322846,"y":-0.19717168807983399,"z":0.03655524179339409,"w":-0.9632689356803894},"size":10.15735149383545,"orthographic":false}